{
  "ds1": {
    "silhouette": 0.5389159848632941,
    "davies_bouldin": 0.6512090495843216,
    "calinski_harabasz": 6595.938171247349,
    "noise_ratio": 0.6984166666666667
  },
  "ds2": {
    "silhouette": 0.41976775922231674,
    "davies_bouldin": 0.8791287795996852,
    "calinski_harabasz": 395.4825694831712,
    "noise_ratio": 0.0
  },
  "ds3": {
    "silhouette": 0.4727502450283589,
    "davies_bouldin": 0.7322384542136493,
    "calinski_harabasz": 4978.634910403142,
    "noise_ratio": 0.6829333333333333
  },
  "ds4": {
    "silhouette": 0.7474524880527895,
    "davies_bouldin": 0.3667734903800151,
    "calinski_harabasz": 4256.137510053127,
    "noise_ratio": 0.933
  }
}